<FACESETTING>    <DEFAULTFACE emotionName="EmojiOne" version="1001" count="204" showall="0" line="5" Width="24" Height="24" package="EmojiOne">        <FACE id="CECAC826E415DA760156CCB5180DD856" shortcut="/dyx" tip="瞪眼笑" multiframe="4">            <FILE_ORG>0001@2x.png</FILE_ORG>            <FILE_FIXED>0001@2x.png</FILE_FIXED>        </FACE>        <FACE id="D10E3EE6BD0DD83DAB21A1B3EAD2D32A" shortcut="/fn" tip="发怒" multiframe="3">            <FILE_ORG>0002@2x.png</FILE_ORG>            <FILE_FIXED>0002@2x.png</FILE_FIXED>        </FACE>        <FACE id="8DF35A8AA77EC98FB25E02A50223A151" shortcut="/cy" tip="呲牙" multiframe="5">            <FILE_ORG>0003@2x.png</FILE_ORG>            <FILE_FIXED>0003@2x.png</FILE_FIXED>        </FACE>        <FACE id="B901F8FC35EFA9D6C870EB01CA668CAA" shortcut="/ak" tip="笑哭" multiframe="4">            <FILE_ORG>0004@2x.png</FILE_ORG>            <FILE_FIXED>0004@2x.png</FILE_FIXED>        </FACE>        <FACE id="68B7901519CA7372AAC9D3BC357B14AB" shortcut="/hhx" tip="哈哈笑" multiframe="10">            <FILE_ORG>0005@2x.png</FILE_ORG>            <FILE_FIXED>0005@2x.png</FILE_FIXED>        </FACE>        <FACE id="52A732B5E633E15A28BDFC8998C3284E" shortcut="/xmy" tip="笑眯眼" multiframe="24">            <FILE_ORG>0006@2x.png</FILE_ORG>            <FILE_FIXED>0006@2x.png</FILE_FIXED>        </FACE>        <FACE id="27CE418CA2B7886A0A49C996040C3736" shortcut="/xlh" tip="笑流汗" multiframe="7">            <FILE_ORG>0007@2x.png</FILE_ORG>            <FILE_FIXED>0007@2x.png</FILE_FIXED>        </FACE>        <FACE id="759416D730E7129332EC5036F3E22280" shortcut="/byx" tip="闭眼笑" multiframe="2">            <FILE_ORG>0008@2x.png</FILE_ORG>            <FILE_FIXED>0008@2x.png</FILE_FIXED>        </FACE>        <FACE id="261F09489F8C2BF75764B9BF29C1500F" shortcut="/xy" tip="笑晕" multiframe="6">            <FILE_ORG>0009@2x.png</FILE_ORG>            <FILE_FIXED>0009@2x.png</FILE_FIXED>        </FACE>        <FACE id="F3D8876EDCF497BBB9DB3CE4FE4D9B3F" shortcut="/zy" tip="眨眼" multiframe="2">            <FILE_ORG>0010@2x.png</FILE_ORG>            <FILE_FIXED>0010@2x.png</FILE_FIXED>        </FACE>        <FACE id="B78693EF9778602C6A35B6A89390AB0B" shortcut="/ka" tip="可爱" multiframe="1">            <FILE_ORG>0011@2x.png</FILE_ORG>            <FILE_FIXED>0011@2x.png</FILE_FIXED>        </FACE>        <FACE id="597905230ED414FCCCACE43115EE6FE6" shortcut="/wx" tip="微笑" multiframe="2">            <FILE_ORG>0012@2x.png</FILE_ORG>            <FILE_FIXED>0012@2x.png</FILE_FIXED>        </FACE>        <FACE id="960476F13C0FDAD3C4DCA54571460D11" shortcut="/dzwx" tip="倒着微笑" multiframe="4">            <FILE_ORG>0013@2x.png</FILE_ORG>            <FILE_FIXED>0013@2x.png</FILE_FIXED>        </FACE>        <FACE id="5301BD02927135C5A800998C67BED915" shortcut="/lzx" tip="咧嘴笑" multiframe="5">            <FILE_ORG>0014@2x.png</FILE_ORG>            <FILE_FIXED>0014@2x.png</FILE_FIXED>        </FACE>        <FACE id="2E45C10CFFF7F238835FF8928FADE9B2" shortcut="/tp" tip="调皮" multiframe="5">            <FILE_ORG>0015@2x.png</FILE_ORG>            <FILE_FIXED>0015@2x.png</FILE_FIXED>        </FACE>        <FACE id="AD3CE1BDEEF137517C15E38944570F3A" shortcut="/bm" tip="闭目" multiframe="17">            <FILE_ORG>0016@2x.png</FILE_ORG>            <FILE_FIXED>0016@2x.png</FILE_FIXED>        </FACE>        <FACE id="B1B23DAE02B831A01B2486D31F8AA810" shortcut="/hs" tip="好色" multiframe="5">            <FILE_ORG>0017@2x.png</FILE_ORG>            <FILE_FIXED>0017@2x.png</FILE_FIXED>        </FACE>        <FACE id="FD4CD2A1F608C189BFDD3DADD0EB28C3" shortcut="/fw" tip="飞吻" multiframe="2">            <FILE_ORG>0018@2x.png</FILE_ORG>            <FILE_FIXED>0018@2x.png</FILE_FIXED>        </FACE>        <FACE id="9FF6063BB573218DB46E39181328412E" shortcut="/qq" tip="亲亲" multiframe="5">            <FILE_ORG>0019@2x.png</FILE_ORG>            <FILE_FIXED>0019@2x.png</FILE_FIXED>        </FACE>        <FACE id="027F6F93D398BCD40592C6011F9E02B4" shortcut="/byqq" tip="闭眼亲亲" multiframe="3">            <FILE_ORG>0020@2x.png</FILE_ORG>            <FILE_FIXED>0020@2x.png</FILE_FIXED>        </FACE>        <FACE id="EC8831265678437EFCAF1A6E4415C938" shortcut="/hxqq" tip="害羞亲亲" multiframe="20">            <FILE_ORG>0021@2x.png</FILE_ORG>            <FILE_FIXED>0021@2x.png</FILE_FIXED>        </FACE>        <FACE id="0CE5FB190754A741AF6F5D55F5589F7C" shortcut="/dytst" tip="单眼吐舌头" multiframe="3">            <FILE_ORG>0022@2x.png</FILE_ORG>            <FILE_FIXED>0022@2x.png</FILE_FIXED>        </FACE>        <FACE id="0924FD6952A33BCB67AB41901035077F" shortcut="/bytst" tip="闭眼吐舌头" multiframe="2">            <FILE_ORG>0023@2x.png</FILE_ORG>            <FILE_FIXED>0023@2x.png</FILE_FIXED>        </FACE>        <FACE id="B78693EF9778602C6A35B6A89390AB0B" shortcut="/tst" tip="吐舌头" multiframe="1">            <FILE_ORG>0024@2x.png</FILE_ORG>            <FILE_FIXED>0024@2x.png</FILE_FIXED>        </FACE>        <FACE id="B78693EF9778602C6A35B6A89390AB0B" shortcut="/jqyk" tip="见钱眼开" multiframe="1">            <FILE_ORG>0025@2x.png</FILE_ORG>            <FILE_FIXED>0025@2x.png</FILE_FIXED>        </FACE>        <FACE id="B78693EF9778602C6A35B6A89390AB0B" shortcut="/sa" tip="耍帅" multiframe="1">            <FILE_ORG>0026@2x.png</FILE_ORG>            <FILE_FIXED>0026@2x.png</FILE_FIXED>        </FACE>        <FACE id="B78693EF9778602C6A35B6A89390AB0B" shortcut="/zk" tip="装酷" multiframe="1">            <FILE_ORG>0027@2x.png</FILE_ORG>            <FILE_FIXED>0027@2x.png</FILE_FIXED>        </FACE>        <FACE id="B78693EF9778602C6A35B6A89390AB0B" shortcut="/bb" tip="抱抱" multiframe="1">            <FILE_ORG>0028@2x.png</FILE_ORG>            <FILE_FIXED>0028@2x.png</FILE_FIXED>        </FACE>        <FACE id="B78693EF9778602C6A35B6A89390AB0B" shortcut="/tx" tip="调戏" multiframe="1">            <FILE_ORG>0029@2x.png</FILE_ORG>            <FILE_FIXED>0029@2x.png</FILE_FIXED>        </FACE>        <FACE id="B78693EF9778602C6A35B6A89390AB0B" shortcut="/db" tip="大白" multiframe="1">            <FILE_ORG>0030@2x.png</FILE_ORG>            <FILE_FIXED>0030@2x.png</FILE_FIXED>        </FACE>        <FACE id="B78693EF9778602C6A35B6A89390AB0B" shortcut="/bukx" tip="不开心" multiframe="1">            <FILE_ORG>0031@2x.png</FILE_ORG>            <FILE_FIXED>0031@2x.png</FILE_FIXED>        </FACE>        <FACE id="B78693EF9778602C6A35B6A89390AB0B" shortcut="/jjk" tip="静静看" multiframe="1">            <FILE_ORG>0032@2x.png</FILE_ORG>            <FILE_FIXED>0032@2x.png</FILE_FIXED>        </FACE>        <FACE id="B78693EF9778602C6A35B6A89390AB0B" shortcut="/py" tip="瞥眼" multiframe="1">            <FILE_ORG>0033@2x.png</FILE_ORG>            <FILE_FIXED>0033@2x.png</FILE_FIXED>        </FACE>        <FACE id="B78693EF9778602C6A35B6A89390AB0B" shortcut="/by" tip="白眼" multiframe="1">            <FILE_ORG>0034@2x.png</FILE_ORG>            <FILE_FIXED>0034@2x.png</FILE_FIXED>        </FACE>        <FACE id="915B41301BED2633811C9D804668DF76" shortcut="/xx" tip="想想" multiframe="4">            <FILE_ORG>0035@2x.png</FILE_ORG>            <FILE_FIXED>0035@2x.png</FILE_FIXED>        </FACE>        <FACE id="3020350E3A9B00667B07583B41D5E34F" shortcut="/mdy" tip="萌瞪眼" multiframe="10">            <FILE_ORG>0036@2x.png</FILE_ORG>            <FILE_FIXED>0036@2x.png</FILE_FIXED>        </FACE>        <FACE id="9C996476966A2A0BE1151890F1FD3497" shortcut="/hbkx" tip="很不开心" multiframe="6">            <FILE_ORG>0037@2x.png</FILE_ORG>            <FILE_FIXED>0037@2x.png</FILE_FIXED>        </FACE>        <FACE id="9CB71583E9E9BBC7BE192BCFCC7F4837" shortcut="/bkx" tip="不开心" multiframe="17">            <FILE_ORG>0038@2x.png</FILE_ORG>            <FILE_FIXED>0038@2x.png</FILE_FIXED>        </FACE>        <FACE id="B42F08679DC8B6D0FECFCD9DB027143F" shortcut="/fh" tip="发狠" multiframe="1">            <FILE_ORG>0039@2x.png</FILE_ORG>            <FILE_FIXED>0039@2x.png</FILE_FIXED>        </FACE>        <FACE id="B78693EF9778602C6A35B6A89390AB0B" shortcut="/bn" tip="暴怒" multiframe="1">            <FILE_ORG>0040@2x.png</FILE_ORG>            <FILE_FIXED>0040@2x.png</FILE_FIXED>        </FACE>        <FACE id="B78693EF9778602C6A35B6A89390AB0B" shortcut="/blc" tip="不理睬" multiframe="1">            <FILE_ORG>0041@2x.png</FILE_ORG>            <FILE_FIXED>0041@2x.png</FILE_FIXED>        </FACE>        <FACE id="B78693EF9778602C6A35B6A89390AB0B" shortcut="/ty" tip="头晕" multiframe="1">            <FILE_ORG>0042@2x.png</FILE_ORG>            <FILE_FIXED>0042@2x.png</FILE_FIXED>        </FACE>        <FACE id="A419ADF1A850548E4B2EF3EB0CBFA92A" shortcut="/sx" tip="伤心" multiframe="4">            <FILE_ORG>0043@2x.png</FILE_ORG>            <FILE_FIXED>0043@2x.png</FILE_FIXED>        </FACE>        <FACE id="B78693EF9778602C6A35B6A89390AB0B" shortcut="/hsx" tip="很伤心" multiframe="1">            <FILE_ORG>0044@2x.png</FILE_ORG>            <FILE_FIXED>0044@2x.png</FILE_FIXED>        </FACE>        <FACE id="4CF0B0912FD77C8086FE1F9E054D8CB7" shortcut="/bhys" tip="不好意思" multiframe="4">            <FILE_ORG>0045@2x.png</FILE_ORG>            <FILE_FIXED>0045@2x.png</FILE_FIXED>        </FACE>        <FACE id="150B2DF57705CEDB9F20ED4B747EB94D" shortcut="/sxjl" tip="伤心极了" multiframe="1">            <FILE_ORG>0046@2x.png</FILE_ORG>            <FILE_FIXED>0046@2x.png</FILE_FIXED>        </FACE>        <FACE id="8887C280D66FB0FC09D45A8DFC7F2068" shortcut="/sxdh" tip="伤心大喊" multiframe="1">            <FILE_ORG>0047@2x.png</FILE_ORG>            <FILE_FIXED>0047@2x.png</FILE_FIXED>        </FACE>        <FACE id="09150E2AA98AFCEB6685E79F266EE261" shortcut="/sxkkl" tip="伤心快哭了" multiframe="2">            <FILE_ORG>0048@2x.png</FILE_ORG>            <FILE_FIXED>0048@2x.png</FILE_FIXED>        </FACE>        <FACE id="B78693EF9778602C6A35B6A89390AB0B" shortcut="/jdsq" tip="极度生气" multiframe="1">            <FILE_ORG>0049@2x.png</FILE_ORG>            <FILE_FIXED>0049@2x.png</FILE_FIXED>        </FACE>        <FACE id="A92C95351E07540ACF861490638BEDA8" shortcut="/banm" tip="扮萌" multiframe="1">            <FILE_ORG>0050@2x.png</FILE_ORG>            <FILE_FIXED>0050@2x.png</FILE_FIXED>        </FACE>        <FACE id="EBF3FE439F85209E8B0D8B9C33C6D5D4" shortcut="/jingx" tip="惊吓" multiframe="1">            <FILE_ORG>0051@2x.png</FILE_ORG>            <FILE_FIXED>0051@2x.png</FILE_FIXED>        </FACE>        <FACE id="572F74626F9E0FD375AE4F9D7AF36112" shortcut="/xiasl" tip="吓死了" multiframe="1">            <FILE_ORG>0052@2x.png</FILE_ORG>            <FILE_FIXED>0052@2x.png</FILE_FIXED>        </FACE>        <FACE id="361BE4AB8CE330E12CCAE489368554EB" shortcut="/xiadl" tip="吓呆了" multiframe="1">            <FILE_ORG>0053@2x.png</FILE_ORG>            <FILE_FIXED>0053@2x.png</FILE_FIXED>        </FACE>        <FACE id="7C7292FA819B2F50D5DE60DE8A145A77" shortcut="/xiaml" tip="吓懵了" multiframe="1">            <FILE_ORG>0054@2x.png</FILE_ORG>            <FILE_FIXED>0054@2x.png</FILE_FIXED>        </FACE>        <FACE id="C10DAEBA9C498704B0AF3F59529E604A" shortcut="/haoxr" tip="好吓人" multiframe="2">            <FILE_ORG>0055@2x.png</FILE_ORG>            <FILE_FIXED>0055@2x.png</FILE_FIXED>        </FACE>        <FACE id="CA588B9051D8BB42591DE51EA3DE4119" shortcut="/xiakl" tip="吓哭了" multiframe="8">            <FILE_ORG>0056@2x.png</FILE_ORG>            <FILE_FIXED>0056@2x.png</FILE_FIXED>        </FACE>        <FACE id="53CDA20B79A3AC239CA1AB390E8A221E" shortcut="/kuaikl" tip="快哭了" multiframe="9">            <FILE_ORG>0057@2x.png</FILE_ORG>            <FILE_FIXED>0057@2x.png</FILE_FIXED>        </FACE>        <FACE id="C7599913D5462FA05AFF76B770867A50" shortcut="/shangxlh" tip="伤心流汗" multiframe="9">            <FILE_ORG>0058@2x.png</FILE_ORG>            <FILE_FIXED>0058@2x.png</FILE_FIXED>        </FACE>        <FACE id="08135630CCAECBB7E8EF4857E4D9C421" shortcut="/dah" tip="打呼" multiframe="5">            <FILE_ORG>0059@2x.png</FILE_ORG>            <FILE_FIXED>0059@2x.png</FILE_FIXED>        </FACE>        <FACE id="5730123ACB177A65E878CD2479D679F0" shortcut="/liuh" tip="流汗" multiframe="2">            <FILE_ORG>0060@2x.png</FILE_ORG>            <FILE_FIXED>0060@2x.png</FILE_FIXED>        </FACE>        <FACE id="E8AFF046B766FB45298DCE4694A5A4F1" shortcut="/dak" tip="大哭" multiframe="12">            <FILE_ORG>0061@2x.png</FILE_ORG>            <FILE_FIXED>0061@2x.png</FILE_FIXED>        </FACE>        <FACE id="E76C780DDE64116D52AA8C00C44E4BD5" shortcut="/fank" tip="犯困" multiframe="11">            <FILE_ORG>0062@2x.png</FILE_ORG>            <FILE_FIXED>0062@2x.png</FILE_FIXED>        </FACE>        <FACE id="33E0A8EABC753B89CDFD9B315E176D98" shortcut="/dahq" tip="打哈欠" multiframe="2">            <FILE_ORG>0063@2x.png</FILE_ORG>            <FILE_FIXED>0063@2x.png</FILE_FIXED>        </FACE>        <FACE id="EA73E421BF7DF96E654E1AE89B337713" shortcut="/biz" tip="闭嘴" multiframe="5">            <FILE_ORG>0064@2x.png</FILE_ORG>            <FILE_FIXED>0064@2x.png</FILE_FIXED>        </FACE>        <FACE id="B78693EF9778602C6A35B6A89390AB0B" shortcut="/daikz" tip="戴口罩" multiframe="1">            <FILE_ORG>0065@2x.png</FILE_ORG>            <FILE_FIXED>0065@2x.png</FILE_FIXED>        </FACE>        <FACE id="A846522BBD80176C534ACE4B6990F9D7" shortcut="/chatw" tip="查体温" multiframe="1">            <FILE_ORG>0066@2x.png</FILE_ORG>            <FILE_FIXED>0066@2x.png</FILE_FIXED>        </FACE>        <FACE id="835789EC6336301216FA35D7A5F75E40" shortcut="/shousl" tip="受伤了" multiframe="1">            <FILE_ORG>0067@2x.png</FILE_ORG>            <FILE_FIXED>0067@2x.png</FILE_FIXED>        </FACE>        <FACE id="77B1CA3F713F955124B652EBE07A47E0" shortcut="/shuizl" tip="睡着了" multiframe="5">            <FILE_ORG>0068@2x.png</FILE_ORG>            <FILE_FIXED>0068@2x.png</FILE_FIXED>        </FACE>        <FACE id="66EDE85464656AF8398956127422E991" shortcut="/shuij" tip="睡觉" multiframe="1">            <FILE_ORG>0069@2x.png</FILE_ORG>            <FILE_FIXED>0069@2x.png</FILE_FIXED>        </FACE>        <FACE id="702535FACF3AB21CA195AD9A254C5B72" shortcut="/dab" tip="大便" multiframe="6">            <FILE_ORG>0070@2x.png</FILE_ORG>            <FILE_FIXED>0070@2x.png</FILE_FIXED>        </FACE>        <FACE id="67610491194459C3D2BD2405206554B2" shortcut="/xiaolmj" tip="笑脸面具" multiframe="2">            <FILE_ORG>0071@2x.png</FILE_ORG>            <FILE_FIXED>0071@2x.png</FILE_FIXED>        </FACE>        <FACE id="F05C87ED4E6B6CEC3CA32F6F095C42F7" shortcut="/gaogmj" tip="搞怪面具" multiframe="1">            <FILE_ORG>0072@2x.png</FILE_ORG>            <FILE_FIXED>0072@2x.png</FILE_FIXED>        </FACE>        <FACE id="B78693EF9778602C6A35B6A89390AB0B" shortcut="/guaiwmj" tip="怪物面具" multiframe="1">            <FILE_ORG>0073@2x.png</FILE_ORG>            <FILE_FIXED>0073@2x.png</FILE_FIXED>        </FACE>        <FACE id="B78693EF9778602C6A35B6A89390AB0B" shortcut="/mianj" tip="面具" multiframe="1">            <FILE_ORG>0074@2x.png</FILE_ORG>            <FILE_FIXED>0074@2x.png</FILE_FIXED>        </FACE>        <FACE id="B78693EF9778602C6A35B6A89390AB0B" shortcut="/gui" tip="鬼~" multiframe="1">            <FILE_ORG>0075@2x.png</FILE_ORG>            <FILE_FIXED>0075@2x.png</FILE_FIXED>        </FACE>        <FACE id="B5CB12F20895BF01ED0E929569E8C1C0" shortcut="/xiaozy" tip="小章鱼" multiframe="1">            <FILE_ORG>0076@2x.png</FILE_ORG>            <FILE_FIXED>0076@2x.png</FILE_FIXED>        </FACE>        <FACE id="0D6D0D006CC88846CF6A37F61E57F9A5" shortcut="/waixr" tip="外星人" multiframe="2">            <FILE_ORG>0077@2x.png</FILE_ORG>            <FILE_FIXED>0077@2x.png</FILE_FIXED>        </FACE>        <FACE id="28E9F98B8EF53C83D5F0CB035F5F582F" shortcut="/jiqr" tip="机器人" multiframe="7">            <FILE_ORG>0078@2x.png</FILE_ORG>            <FILE_FIXED>0078@2x.png</FILE_FIXED>        </FACE>        <FACE id="8361BCE9A5DF2BABB6B02A12410A466B" shortcut="/maomx" tip="猫咪笑" multiframe="4">            <FILE_ORG>0079@2x.png</FILE_ORG>            <FILE_FIXED>0079@2x.png</FILE_FIXED>        </FACE>        <FACE id="B78693EF9778602C6A35B6A89390AB0B" shortcut="/maomdx" tip="猫咪大笑" multiframe="1">            <FILE_ORG>0080@2x.png</FILE_ORG>            <FILE_FIXED>0080@2x.png</FILE_FIXED>        </FACE>        <FACE id="867640BA38932DB4333B1588DD5A9DAE" shortcut="/maomxk" tip="猫咪笑哭" multiframe="4">            <FILE_ORG>0081@2x.png</FILE_ORG>            <FILE_FIXED>0081@2x.png</FILE_FIXED>        </FACE>        <FACE id="87A4C22C7A309C8308A4F10EEDE55A40" shortcut="/maomhs" tip="猫咪好色" multiframe="1">            <FILE_ORG>0082@2x.png</FILE_ORG>            <FILE_FIXED>0082@2x.png</FILE_FIXED>        </FACE>        <FACE id="7F4597C5C703D444E1126DC1ACABFDC6" shortcut="/maomhx" tip="猫咪坏笑" multiframe="1">            <FILE_ORG>0083@2x.png</FILE_ORG>            <FILE_FIXED>0083@2x.png</FILE_FIXED>        </FACE>        <FACE id="3F5DAE1DBCB036DC59E7742BDB52E9AA" shortcut="/maomqq" tip="猫咪亲亲" multiframe="1">            <FILE_ORG>0084@2x.png</FILE_ORG>            <FILE_FIXED>0084@2x.png</FILE_FIXED>        </FACE>        <FACE id="AD08D97037625A093AB75AB2CFF05CD7" shortcut="/maomdk" tip="猫咪大哭" multiframe="2">            <FILE_ORG>0085@2x.png</FILE_ORG>            <FILE_FIXED>0085@2x.png</FILE_FIXED>        </FACE>        <FACE id="C96CF49FD0ABAE9EF11D4DE91E89712E" shortcut="/maomkkl" tip="喵咪快哭了" multiframe="2">            <FILE_ORG>0086@2x.png</FILE_ORG>            <FILE_FIXED>0086@2x.png</FILE_FIXED>        </FACE>        <FACE id="B78693EF9778602C6A35B6A89390AB0B" shortcut="/maomsq" tip="猫咪生气" multiframe="1">            <FILE_ORG>0087@2x.png</FILE_ORG>            <FILE_FIXED>0087@2x.png</FILE_FIXED>        </FACE>        <FACE id="B78693EF9778602C6A35B6A89390AB0B" shortcut="/shangs" tip="双手" multiframe="1">            <FILE_ORG>0088@2x.png</FILE_ORG>            <FILE_FIXED>0088@2x.png</FILE_FIXED>        </FACE>        <FACE id="B78693EF9778602C6A35B6A89390AB0B" shortcut="/paipsh" tip="拍拍手" multiframe="1">            <FILE_ORG>0089@2x.png</FILE_ORG>            <FILE_FIXED>0089@2x.png</FILE_FIXED>        </FACE>        <FACE id="B78693EF9778602C6A35B6A89390AB0B" shortcut="/baish" tip="摆手" multiframe="1">            <FILE_ORG>0090@2x.png</FILE_ORG>            <FILE_FIXED>0090@2x.png</FILE_FIXED>        </FACE>        <FACE id="B78693EF9778602C6A35B6A89390AB0B" shortcut="/bangbd" tip="棒棒哒" multiframe="1">            <FILE_ORG>0091@2x.png</FILE_ORG>            <FILE_FIXED>0091@2x.png</FILE_FIXED>        </FACE>        <FACE id="B78693EF9778602C6A35B6A89390AB0B" shortcut="/bishi" tip="鄙视" multiframe="1">            <FILE_ORG>0092@2x.png</FILE_ORG>            <FILE_FIXED>0092@2x.png</FILE_FIXED>        </FACE>                <FACE id="578ACBC2728C6BEFDD60AA1A230E444C" shortcut="/quantou" tip="拳头" multiframe="1">            <FILE_ORG>0093@2x.png</FILE_ORG>            <FILE_FIXED>0093@2x.png</FILE_FIXED>        </FACE>        <FACE id="FC4EBAE4B9417C63F4D42045A23E8767" shortcut="/jiayou" tip="加油" multiframe="7">            <FILE_ORG>0094@2x.png</FILE_ORG>            <FILE_FIXED>0094@2x.png</FILE_FIXED>        </FACE>        <FACE id="7B57636E1DA51CBE5AE58BF0020A1D28" shortcut="/shengli" tip="胜利" multiframe="2">            <FILE_ORG>0095@2x.png</FILE_ORG>            <FILE_FIXED>0095@2x.png</FILE_FIXED>        </FACE>        <FACE id="764B29264F2BD21FC4D805C61D7EA0B1" shortcut="/okok" tip="ok" multiframe="1">            <FILE_ORG>0096@2x.png</FILE_ORG>            <FILE_FIXED>0096@2x.png</FILE_FIXED>        </FACE>        <FACE id="B78693EF9778602C6A35B6A89390AB0B" shortcut="/shouzh" tip="手掌" multiframe="1">            <FILE_ORG>0097@2x.png</FILE_ORG>            <FILE_FIXED>0097@2x.png</FILE_FIXED>        </FACE>        <FACE id="B78693EF9778602C6A35B6A89390AB0B" shortcut="/chibang" tip="翅膀" multiframe="1">            <FILE_ORG>0098@2x.png</FILE_ORG>            <FILE_FIXED>0098@2x.png</FILE_FIXED>        </FACE>        <FACE id="B78693EF9778602C6A35B6A89390AB0B" shortcut="/liliang" tip="力量" multiframe="1">            <FILE_ORG>0099@2x.png</FILE_ORG>            <FILE_FIXED>0099@2x.png</FILE_FIXED>        </FACE>        <FACE id="B78693EF9778602C6A35B6A89390AB0B" shortcut="/shuangshhsh" tip="双手合十" multiframe="1">            <FILE_ORG>0100@2x.png</FILE_ORG>            <FILE_FIXED>0100@2x.png</FILE_FIXED>        </FACE>        <FACE id="B78693EF9778602C6A35B6A89390AB0B" shortcut="/no..." tip="no..." multiframe="1">            <FILE_ORG>0101@2x.png</FILE_ORG>            <FILE_FIXED>0101@2x.png</FILE_FIXED>        </FACE>        <FACE id="B78693EF9778602C6A35B6A89390AB0B" shortcut="/shouzhsh" tip="手指上" multiframe="1">            <FILE_ORG>0102@2x.png</FILE_ORG>            <FILE_FIXED>0102@2x.png</FILE_FIXED>        </FACE>        <FACE id="B78693EF9778602C6A35B6A89390AB0B" shortcut="/shouzhx" tip="手指下" multiframe="1">            <FILE_ORG>0103@2x.png</FILE_ORG>            <FILE_FIXED>0103@2x.png</FILE_FIXED>        </FACE>        <FACE id="B78693EF9778602C6A35B6A89390AB0B" shortcut="/shouzhz" tip="手指左" multiframe="1">            <FILE_ORG>0104@2x.png</FILE_ORG>            <FILE_FIXED>0104@2x.png</FILE_FIXED>        </FACE>        <FACE id="B78693EF9778602C6A35B6A89390AB0B" shortcut="/shouzhy" tip="手指右" multiframe="1">            <FILE_ORG>0105@2x.png</FILE_ORG>            <FILE_FIXED>0105@2x.png</FILE_FIXED>        </FACE>        <FACE id="B78693EF9778602C6A35B6A89390AB0B" shortcut="/shuzhzh" tip="竖中指" multiframe="1">            <FILE_ORG>0106@2x.png</FILE_ORG>            <FILE_FIXED>0106@2x.png</FILE_FIXED>        </FACE>        <FACE id="B78693EF9778602C6A35B6A89390AB0B" shortcut="/shouzhfk" tip="手指分开" multiframe="1">            <FILE_ORG>0107@2x.png</FILE_ORG>            <FILE_FIXED>0107@2x.png</FILE_FIXED>        </FACE>        <FACE id="C5F0D09B80807A6DE2573A4276712D12" shortcut="/woaini" tip="我爱你" multiframe="1">            <FILE_ORG>0108@2x.png</FILE_ORG>            <FILE_FIXED>0108@2x.png</FILE_FIXED>        </FACE>        <FACE id="193BB76BEAFF948EF484B375F4E762C7" shortcut="/shouzhzhf" tip="手指中分" multiframe="1">            <FILE_ORG>0109@2x.png</FILE_ORG>            <FILE_FIXED>0109@2x.png</FILE_FIXED>        </FACE>        <FACE id="F39BBD8F05F1FDE078C760A8257A94BA" shortcut="/xiezi" tip="写字" multiframe="1">            <FILE_ORG>0110@2x.png</FILE_ORG>            <FILE_FIXED>0110@2x.png</FILE_FIXED>        </FACE>        <FACE id="A38CC949E4A0AD25BE00C861B2E6E02B" shortcut="/tuzij" tip="涂指甲" multiframe="1">            <FILE_ORG>0111@2x.png</FILE_ORG>            <FILE_FIXED>0111@2x.png</FILE_FIXED>        </FACE>        <FACE id="E5A90AABE9E7976B81D30AFFAF00289B" shortcut="/zuiba" tip="嘴巴" multiframe="1">            <FILE_ORG>0112@2x.png</FILE_ORG>            <FILE_FIXED>0112@2x.png</FILE_FIXED>        </FACE>        <FACE id="5CCB1E26E09B5BF375C63B589C7E0BD5" shortcut="/shetou" tip="舌头" multiframe="1">            <FILE_ORG>0113@2x.png</FILE_ORG>            <FILE_FIXED>0113@2x.png</FILE_FIXED>        </FACE>        <FACE id="57777C3ECC3C575AA9DDDEE1FAAE6AD3" shortcut="/erduo" tip="耳朵" multiframe="2">            <FILE_ORG>0114@2x.png</FILE_ORG>            <FILE_FIXED>0114@2x.png</FILE_FIXED>        </FACE>        <FACE id="7E59EC823A71CA4B6FF9E367A43867DF" shortcut="/bizi" tip="鼻子" multiframe="1">            <FILE_ORG>0115@2x.png</FILE_ORG>            <FILE_FIXED>0115@2x.png</FILE_FIXED>        </FACE>        <FACE id="B78693EF9778602C6A35B6A89390AB0B" shortcut="/danyj" tip="单眼睛" multiframe="1">            <FILE_ORG>0116@2x.png</FILE_ORG>            <FILE_FIXED>0116@2x.png</FILE_FIXED>        </FACE>        <FACE id="B78693EF9778602C6A35B6A89390AB0B" shortcut="/shuangyj" tip="双眼睛" multiframe="1">            <FILE_ORG>0117@2x.png</FILE_ORG>            <FILE_FIXED>0117@2x.png</FILE_FIXED>        </FACE>        <FACE id="B78693EF9778602C6A35B6A89390AB0B" shortcut="/yigr" tip="一个人" multiframe="1">            <FILE_ORG>0118@2x.png</FILE_ORG>            <FILE_FIXED>0118@2x.png</FILE_FIXED>        </FACE>        <FACE id="B78693EF9778602C6A35B6A89390AB0B" shortcut="/duogr" tip="多个人" multiframe="1">            <FILE_ORG>0119@2x.png</FILE_ORG>            <FILE_FIXED>0119@2x.png</FILE_FIXED>        </FACE>        <FACE id="C5F0D09B80807A6DE2573A4276712D12" shortcut="/hanh" tip="喊话" multiframe="1">            <FILE_ORG>0120@2x.png</FILE_ORG>            <FILE_FIXED>0120@2x.png</FILE_FIXED>        </FACE>        <FACE id="193BB76BEAFF948EF484B375F4E762C7" shortcut="/chinp" tip="吃奶瓶" multiframe="1">            <FILE_ORG>0121@2x.png</FILE_ORG>            <FILE_FIXED>0121@2x.png</FILE_FIXED>        </FACE>        <FACE id="F39BBD8F05F1FDE078C760A8257A94BA" shortcut="/nanh" tip="男孩" multiframe="1">            <FILE_ORG>0122@2x.png</FILE_ORG>            <FILE_FIXED>0122@2x.png</FILE_FIXED>        </FACE>        <FACE id="A38CC949E4A0AD25BE00C861B2E6E02B" shortcut="/nvh" tip="女孩" multiframe="1">            <FILE_ORG>0123@2x.png</FILE_ORG>            <FILE_FIXED>0123@2x.png</FILE_FIXED>        </FACE>        <FACE id="E5A90AABE9E7976B81D30AFFAF00289B" shortcut="/nanr" tip="男人" multiframe="1">            <FILE_ORG>0124@2x.png</FILE_ORG>            <FILE_FIXED>0124@2x.png</FILE_FIXED>        </FACE>        <FACE id="5CCB1E26E09B5BF375C63B589C7E0BD5" shortcut="/nvr" tip="女人" multiframe="1">            <FILE_ORG>0125@2x.png</FILE_ORG>            <FILE_FIXED>0125@2x.png</FILE_FIXED>        </FACE>        <FACE id="57777C3ECC3C575AA9DDDEE1FAAE6AD3" shortcut="/chaon" tip="潮男" multiframe="2">            <FILE_ORG>0126@2x.png</FILE_ORG>            <FILE_FIXED>0126@2x.png</FILE_FIXED>        </FACE>        <FACE id="7E59EC823A71CA4B6FF9E367A43867DF" shortcut="/laoyy" tip="老爷爷" multiframe="1">            <FILE_ORG>0127@2x.png</FILE_ORG>            <FILE_FIXED>0127@2x.png</FILE_FIXED>        </FACE>        <FACE id="B78693EF9778602C6A35B6A89390AB0B" shortcut="/laonn" tip="老奶奶" multiframe="1">            <FILE_ORG>0128@2x.png</FILE_ORG>            <FILE_FIXED>0128@2x.png</FILE_FIXED>        </FACE>        <FACE id="B78693EF9778602C6A35B6A89390AB0B" shortcut="/guapmn" tip="瓜皮帽男" multiframe="1">            <FILE_ORG>0129@2x.png</FILE_ORG>            <FILE_FIXED>0129@2x.png</FILE_FIXED>        </FACE>        <FACE id="B78693EF9778602C6A35B6A89390AB0B" shortcut="/toujn" tip="头巾女" multiframe="1">            <FILE_ORG>0130@2x.png</FILE_ORG>            <FILE_FIXED>0130@2x.png</FILE_FIXED>        </FACE>        <FACE id="B78693EF9778602C6A35B6A89390AB0B" shortcut="/das" tip="大叔" multiframe="1">            <FILE_ORG>0131@2x.png</FILE_ORG>            <FILE_FIXED>0131@2x.png</FILE_FIXED>        </FACE>        <FACE id="C5F0D09B80807A6DE2573A4276712D12" shortcut="/xiaohr" tip="小伙儿" multiframe="1">            <FILE_ORG>0132@2x.png</FILE_ORG>            <FILE_FIXED>0132@2x.png</FILE_FIXED>        </FACE>        <FACE id="193BB76BEAFF948EF484B375F4E762C7" shortcut="/shengs" tip="绅士" multiframe="1">            <FILE_ORG>0133@2x.png</FILE_ORG>            <FILE_FIXED>0133@2x.png</FILE_FIXED>        </FACE>        <FACE id="F39BBD8F05F1FDE078C760A8257A94BA" shortcut="/baob" tip="保镖" multiframe="1">            <FILE_ORG>0134@2x.png</FILE_ORG>            <FILE_FIXED>0134@2x.png</FILE_FIXED>        </FACE>        <FACE id="A38CC949E4A0AD25BE00C861B2E6E02B" shortcut="/shengdlr" tip="圣诞老人" multiframe="1">            <FILE_ORG>0135@2x.png</FILE_ORG>            <FILE_FIXED>0135@2x.png</FILE_FIXED>        </FACE>        <FACE id="E5A90AABE9E7976B81D30AFFAF00289B" shortcut="/tianshn" tip="天使男" multiframe="1">            <FILE_ORG>0136@2x.png</FILE_ORG>            <FILE_FIXED>0136@2x.png</FILE_FIXED>        </FACE>        <FACE id="5CCB1E26E09B5BF375C63B589C7E0BD5" shortcut="/hongxn" tip="红新娘" multiframe="1">            <FILE_ORG>0137@2x.png</FILE_ORG>            <FILE_FIXED>0137@2x.png</FILE_FIXED>        </FACE>        <FACE id="57777C3ECC3C575AA9DDDEE1FAAE6AD3" shortcut="/baixn" tip="白新娘" multiframe="2">            <FILE_ORG>0138@2x.png</FILE_ORG>            <FILE_FIXED>0138@2x.png</FILE_FIXED>        </FACE>        <FACE id="7E59EC823A71CA4B6FF9E367A43867DF" shortcut="/zoul" tip="走路" multiframe="1">            <FILE_ORG>0139@2x.png</FILE_ORG>            <FILE_FIXED>0139@2x.png</FILE_FIXED>        </FACE>        <FACE id="B78693EF9778602C6A35B6A89390AB0B" shortcut="/paob" tip="跑步" multiframe="1">            <FILE_ORG>0140@2x.png</FILE_ORG>            <FILE_FIXED>0140@2x.png</FILE_FIXED>        </FACE>        <FACE id="B78693EF9778602C6A35B6A89390AB0B" shortcut="/tiaown" tip="跳舞女" multiframe="1">            <FILE_ORG>0141@2x.png</FILE_ORG>            <FILE_FIXED>0141@2x.png</FILE_FIXED>        </FACE>        <FACE id="B78693EF9778602C6A35B6A89390AB0B" shortcut="/tunn" tip="兔女郎" multiframe="1">            <FILE_ORG>0142@2x.png</FILE_ORG>            <FILE_FIXED>0142@2x.png</FILE_FIXED>        </FACE>        <FACE id="B78693EF9778602C6A35B6A89390AB0B" shortcut="/nannvqs" tip="男女牵手" multiframe="1">            <FILE_ORG>0143@2x.png</FILE_ORG>            <FILE_FIXED>0143@2x.png</FILE_FIXED>        </FACE>        <FACE id="C5F0D09B80807A6DE2573A4276712D12" shortcut="/nannanqs" tip="男男牵手" multiframe="1">            <FILE_ORG>0144@2x.png</FILE_ORG>            <FILE_FIXED>0144@2x.png</FILE_FIXED>        </FACE>        <FACE id="193BB76BEAFF948EF484B375F4E762C7" shortcut="/nvnvqs" tip="女女牵手" multiframe="1">            <FILE_ORG>0145@2x.png</FILE_ORG>            <FILE_FIXED>0145@2x.png</FILE_FIXED>        </FACE>        <FACE id="F39BBD8F05F1FDE078C760A8257A94BA" shortcut="/sikn" tip="思考男" multiframe="1">            <FILE_ORG>0146@2x.png</FILE_ORG>            <FILE_FIXED>0146@2x.png</FILE_FIXED>        </FACE>        <FACE id="A38CC949E4A0AD25BE00C861B2E6E02B" shortcut="/nvwm" tip="女妩媚" multiframe="1">            <FILE_ORG>0147@2x.png</FILE_ORG>            <FILE_FIXED>0147@2x.png</FILE_FIXED>        </FACE>        <FACE id="E5A90AABE9E7976B81D30AFFAF00289B" shortcut="/nvjj" tip="女拒绝" multiframe="1">            <FILE_ORG>0148@2x.png</FILE_ORG>            <FILE_FIXED>0148@2x.png</FILE_FIXED>        </FACE>        <FACE id="5CCB1E26E09B5BF375C63B589C7E0BD5" shortcut="/nvwn" tip="女无奈" multiframe="1">            <FILE_ORG>0149@2x.png</FILE_ORG>            <FILE_FIXED>0149@2x.png</FILE_FIXED>        </FACE>        <FACE id="57777C3ECC3C575AA9DDDEE1FAAE6AD3" shortcut="/nvjsh" tip="女举手" multiframe="2">            <FILE_ORG>0150@2x.png</FILE_ORG>            <FILE_FIXED>0150@2x.png</FILE_FIXED>        </FACE>        <FACE id="7E59EC823A71CA4B6FF9E367A43867DF" shortcut="/nvjk" tip="女惊恐" multiframe="1">            <FILE_ORG>0151@2x.png</FILE_ORG>            <FILE_FIXED>0151@2x.png</FILE_FIXED>        </FACE>        <FACE id="B78693EF9778602C6A35B6A89390AB0B" shortcut="/nvshq" tip="女生气" multiframe="1">            <FILE_ORG>0152@2x.png</FILE_ORG>            <FILE_FIXED>0152@2x.png</FILE_FIXED>        </FACE>        <FACE id="B78693EF9778602C6A35B6A89390AB0B" shortcut="/nvjf" tip="女剪发" multiframe="1">            <FILE_ORG>0153@2x.png</FILE_ORG>            <FILE_FIXED>0153@2x.png</FILE_FIXED>        </FACE>        <FACE id="B78693EF9778602C6A35B6A89390AB0B" shortcut="/nvtam" tip="女头按摩" multiframe="1">            <FILE_ORG>0154@2x.png</FILE_ORG>            <FILE_FIXED>0154@2x.png</FILE_FIXED>        </FACE>        <FACE id="B78693EF9778602C6A35B6A89390AB0B" shortcut="/nananv" tip="男爱女" multiframe="1">            <FILE_ORG>0155@2x.png</FILE_ORG>            <FILE_FIXED>0155@2x.png</FILE_FIXED>        </FACE>        <FACE id="C5F0D09B80807A6DE2573A4276712D12" shortcut="/nvanv" tip="女爱女" multiframe="1">            <FILE_ORG>0156@2x.png</FILE_ORG>            <FILE_FIXED>0156@2x.png</FILE_FIXED>        </FACE>        <FACE id="193BB76BEAFF948EF484B375F4E762C7" shortcut="/nananan" tip="男爱男" multiframe="1">            <FILE_ORG>0157@2x.png</FILE_ORG>            <FILE_FIXED>0157@2x.png</FILE_FIXED>        </FACE>        <FACE id="F39BBD8F05F1FDE078C760A8257A94BA" shortcut="/nanqnv" tip="男亲女" multiframe="1">            <FILE_ORG>0158@2x.png</FILE_ORG>            <FILE_FIXED>0158@2x.png</FILE_FIXED>        </FACE>        <FACE id="A38CC949E4A0AD25BE00C861B2E6E02B" shortcut="/nvqnv" tip="女亲女" multiframe="1">            <FILE_ORG>0159@2x.png</FILE_ORG>            <FILE_FIXED>0159@2x.png</FILE_FIXED>        </FACE>        <FACE id="E5A90AABE9E7976B81D30AFFAF00289B" shortcut="/nanqnan" tip="男亲男" multiframe="1">            <FILE_ORG>0160@2x.png</FILE_ORG>            <FILE_FIXED>0160@2x.png</FILE_FIXED>        </FACE>        <FACE id="5CCB1E26E09B5BF375C63B589C7E0BD5" shortcut="/qianc" tip="父母男" multiframe="1">            <FILE_ORG>0161@2x.png</FILE_ORG>            <FILE_FIXED>0161@2x.png</FILE_FIXED>        </FACE>        <FACE id="57777C3ECC3C575AA9DDDEE1FAAE6AD3" shortcut="/dp" tip="父母女" multiframe="2">            <FILE_ORG>0162@2x.png</FILE_ORG>            <FILE_FIXED>0162@2x.png</FILE_FIXED>        </FACE>        <FACE id="7E59EC823A71CA4B6FF9E367A43867DF" shortcut="/fumnannv" tip="父母男女" multiframe="1">            <FILE_ORG>0163@2x.png</FILE_ORG>            <FILE_FIXED>0163@2x.png</FILE_FIXED>        </FACE>        <FACE id="B78693EF9778602C6A35B6A89390AB0B" shortcut="/fumnannan" tip="父母男男" multiframe="1">            <FILE_ORG>0164@2x.png</FILE_ORG>            <FILE_FIXED>0164@2x.png</FILE_FIXED>        </FACE>        <FACE id="B78693EF9778602C6A35B6A89390AB0B" shortcut="/fumnvnv" tip="父母女女" multiframe="1">            <FILE_ORG>0165@2x.png</FILE_ORG>            <FILE_FIXED>0165@2x.png</FILE_FIXED>        </FACE>        <FACE id="C5F0D09B80807A6DE2573A4276712D12" shortcut="/nvnvnan" tip="女女男" multiframe="1">            <FILE_ORG>0166@2x.png</FILE_ORG>            <FILE_FIXED>0166@2x.png</FILE_FIXED>        </FACE>        <FACE id="193BB76BEAFF948EF484B375F4E762C7" shortcut="/nvnvnv" tip="女女女" multiframe="1">            <FILE_ORG>0167@2x.png</FILE_ORG>            <FILE_FIXED>0167@2x.png</FILE_FIXED>        </FACE>        <FACE id="F39BBD8F05F1FDE078C760A8257A94BA" shortcut="/nvnvnannan" tip="女女男女" multiframe="1">            <FILE_ORG>0168@2x.png</FILE_ORG>            <FILE_FIXED>0168@2x.png</FILE_FIXED>        </FACE>        <FACE id="A38CC949E4A0AD25BE00C861B2E6E02B" shortcut="/nvnvnannan" tip="女女男男" multiframe="1">            <FILE_ORG>0169@2x.png</FILE_ORG>            <FILE_FIXED>0169@2x.png</FILE_FIXED>        </FACE>        <FACE id="E5A90AABE9E7976B81D30AFFAF00289B" shortcut="/nvnvnvnv" tip="女女女女" multiframe="1">            <FILE_ORG>0170@2x.png</FILE_ORG>            <FILE_FIXED>0160@2x.png</FILE_FIXED>        </FACE>        <FACE id="5CCB1E26E09B5BF375C63B589C7E0BD5" shortcut="/nannannan" tip="男男男" multiframe="1">            <FILE_ORG>0171@2x.png</FILE_ORG>            <FILE_FIXED>0171@2x.png</FILE_FIXED>        </FACE>        <FACE id="57777C3ECC3C575AA9DDDEE1FAAE6AD3" shortcut="/nannannv" tip="男男女" multiframe="2">            <FILE_ORG>0172@2x.png</FILE_ORG>            <FILE_FIXED>0172@2x.png</FILE_FIXED>        </FACE>        <FACE id="7E59EC823A71CA4B6FF9E367A43867DF" shortcut="/nannannannv" tip="男男男女" multiframe="1">            <FILE_ORG>0173@2x.png</FILE_ORG>            <FILE_FIXED>0173@2x.png</FILE_FIXED>        </FACE>        <FACE id="B78693EF9778602C6A35B6A89390AB0B" shortcut="/nannannannan" tip="男男男男" multiframe="1">            <FILE_ORG>0174@2x.png</FILE_ORG>            <FILE_FIXED>0174@2x.png</FILE_FIXED>        </FACE>        <FACE id="B78693EF9778602C6A35B6A89390AB0B" shortcut="/nannannvnv" tip="男男女女" multiframe="1">            <FILE_ORG>0175@2x.png</FILE_ORG>            <FILE_FIXED>0175@2x.png</FILE_FIXED>        </FACE>        <FACE id="C5F0D09B80807A6DE2573A4276712D12" shortcut="/fenhchy" tip="粉红衬衣" multiframe="1">            <FILE_ORG>0176@2x.png</FILE_ORG>            <FILE_FIXED>0176@2x.png</FILE_FIXED>        </FACE>        <FACE id="193BB76BEAFF948EF484B375F4E762C7" shortcut="/lanchy" tip="蓝衬衣" multiframe="1">            <FILE_ORG>0177@2x.png</FILE_ORG>            <FILE_FIXED>0177@2x.png</FILE_FIXED>        </FACE>        <FACE id="F39BBD8F05F1FDE078C760A8257A94BA" shortcut="/niuzk" tip="牛仔裤" multiframe="1">            <FILE_ORG>0178@2x.png</FILE_ORG>            <FILE_FIXED>0178@2x.png</FILE_FIXED>        </FACE>        <FACE id="A38CC949E4A0AD25BE00C861B2E6E02B" shortcut="/lingdchy" tip="领带衬衣" multiframe="1">            <FILE_ORG>0179@2x.png</FILE_ORG>            <FILE_FIXED>0179@2x.png</FILE_FIXED>        </FACE>        <FACE id="E5A90AABE9E7976B81D30AFFAF00289B" shortcut="/lianyq" tip="连衣裙" multiframe="1">            <FILE_ORG>0180@2x.png</FILE_ORG>            <FILE_FIXED>0180@2x.png</FILE_FIXED>        </FACE>        <FACE id="5CCB1E26E09B5BF375C63B589C7E0BD5" shortcut="/nvny" tip="女内衣" multiframe="1">            <FILE_ORG>0181@2x.png</FILE_ORG>            <FILE_FIXED>0181@2x.png</FILE_FIXED>        </FACE>        <FACE id="57777C3ECC3C575AA9DDDEE1FAAE6AD3" shortcut="/gudnf" tip="古代女服" multiframe="2">            <FILE_ORG>0182@2x.png</FILE_ORG>            <FILE_FIXED>0182@2x.png</FILE_FIXED>        </FACE>        <FACE id="7E59EC823A71CA4B6FF9E367A43867DF" shortcut="/kouh" tip="口红" multiframe="1">            <FILE_ORG>0183@2x.png</FILE_ORG>            <FILE_FIXED>0183@2x.png</FILE_FIXED>        </FACE>        <FACE id="B78693EF9778602C6A35B6A89390AB0B" shortcut="/zuich" tip="嘴唇" multiframe="1">            <FILE_ORG>0184@2x.png</FILE_ORG>            <FILE_FIXED>0184@2x.png</FILE_FIXED>        </FACE>        <FACE id="B78693EF9778602C6A35B6A89390AB0B" shortcut="/jiaoy" tip="脚丫" multiframe="1">            <FILE_ORG>0185@2x.png</FILE_ORG>            <FILE_FIXED>0185@2x.png</FILE_FIXED>        </FACE>        <FACE id="C5F0D09B80807A6DE2573A4276712D12" shortcut="/gaogx" tip="高跟鞋" multiframe="1">            <FILE_ORG>0186@2x.png</FILE_ORG>            <FILE_FIXED>0186@2x.png</FILE_FIXED>        </FACE>        <FACE id="193BB76BEAFF948EF484B375F4E762C7" shortcut="/gaogtx" tip="高跟拖鞋" multiframe="1">            <FILE_ORG>0187@2x.png</FILE_ORG>            <FILE_FIXED>0187@2x.png</FILE_FIXED>        </FACE>        <FACE id="F39BBD8F05F1FDE078C760A8257A94BA" shortcut="/hongxz" tip="红靴子" multiframe="1">            <FILE_ORG>0188@2x.png</FILE_ORG>            <FILE_FIXED>0188@2x.png</FILE_FIXED>        </FACE>        <FACE id="A38CC949E4A0AD25BE00C861B2E6E02B" shortcut="/qiux" tip="球鞋" multiframe="1">            <FILE_ORG>0189@2x.png</FILE_ORG>            <FILE_FIXED>0189@2x.png</FILE_FIXED>        </FACE>        <FACE id="E5A90AABE9E7976B81D30AFFAF00289B" shortcut="/banx" tip="板鞋" multiframe="1">            <FILE_ORG>0190@2x.png</FILE_ORG>            <FILE_FIXED>0190@2x.png</FILE_FIXED>        </FACE>        <FACE id="5CCB1E26E09B5BF375C63B589C7E0BD5" shortcut="/huamz" tip="花帽子" multiframe="1">            <FILE_ORG>0191@2x.png</FILE_ORG>            <FILE_FIXED>0191@2x.png</FILE_FIXED>        </FACE>        <FACE id="57777C3ECC3C575AA9DDDEE1FAAE6AD3" shortcut="/gaomz" tip="高帽子" multiframe="2">            <FILE_ORG>0192@2x.png</FILE_ORG>            <FILE_FIXED>0192@2x.png</FILE_FIXED>        </FACE>        <FACE id="7E59EC823A71CA4B6FF9E367A43867DF" shortcut="/anqm" tip="安全帽" multiframe="1">            <FILE_ORG>0193@2x.png</FILE_ORG>            <FILE_FIXED>0193@2x.png</FILE_FIXED>        </FACE>        <FACE id="B78693EF9778602C6A35B6A89390AB0B" shortcut="/xueshm" tip="学士帽" multiframe="1">            <FILE_ORG>0194@2x.png</FILE_ORG>            <FILE_FIXED>0194@2x.png</FILE_FIXED>        </FACE>        <FACE id="B78693EF9778602C6A35B6A89390AB0B" shortcut="/huangg" tip="皇冠" multiframe="1">            <FILE_ORG>0195@2x.png</FILE_ORG>            <FILE_FIXED>0195@2x.png</FILE_FIXED>        </FACE>        <FACE id="C5F0D09B80807A6DE2573A4276712D12" shortcut="/shub" tip="书包" multiframe="1">            <FILE_ORG>0196@2x.png</FILE_ORG>            <FILE_FIXED>0196@2x.png</FILE_FIXED>        </FACE>        <FACE id="193BB76BEAFF948EF484B375F4E762C7" shortcut="/shoub" tip="手包" multiframe="1">            <FILE_ORG>0197@2x.png</FILE_ORG>            <FILE_FIXED>0197@2x.png</FILE_FIXED>        </FACE>        <FACE id="F39BBD8F05F1FDE078C760A8257A94BA" shortcut="/lansnb" tip="蓝色女包" multiframe="1">            <FILE_ORG>0198@2x.png</FILE_ORG>            <FILE_FIXED>0198@2x.png</FILE_FIXED>        </FACE>        <FACE id="A38CC949E4A0AD25BE00C861B2E6E02B" shortcut="/nvshshlb" tip="女士手拎包" multiframe="1">            <FILE_ORG>0199@2x.png</FILE_ORG>            <FILE_FIXED>0199@2x.png</FILE_FIXED>        </FACE>        <FACE id="E5A90AABE9E7976B81D30AFFAF00289B" shortcut="/shoutb" tip="手提包" multiframe="1">            <FILE_ORG>0200@2x.png</FILE_ORG>            <FILE_FIXED>0200@2x.png</FILE_FIXED>        </FACE>        <FACE id="5CCB1E26E09B5BF375C63B589C7E0BD5" shortcut="/yanjing" tip="眼镜" multiframe="1">            <FILE_ORG>0201@2x.png</FILE_ORG>            <FILE_FIXED>0201@2x.png</FILE_FIXED>        </FACE>        <FACE id="57777C3ECC3C575AA9DDDEE1FAAE6AD3" shortcut="/mojing" tip="墨镜" multiframe="2">            <FILE_ORG>0202@2x.png</FILE_ORG>            <FILE_FIXED>0202@2x.png</FILE_FIXED>        </FACE>        <FACE id="7E59EC823A71CA4B6FF9E367A43867DF" shortcut="/zhuanj" tip="钻戒" multiframe="1">            <FILE_ORG>0203@2x.png</FILE_ORG>            <FILE_FIXED>0203@2x.png</FILE_FIXED>        </FACE>        <FACE id="7E59EC823A71CA4B6FF9E367A43867DF" shortcut="/yusan" tip="雨伞" multiframe="1">            <FILE_ORG>0204@2x.png</FILE_ORG>            <FILE_FIXED>0204@2x.png</FILE_FIXED>        </FACE>    </DEFAULTFACE></FACESETTING> 